id,conversation_id,role,content,created_at
1,1,user,hi,"2026-04-08 14:07:25"
2,1,assistant,"🟢 Strengths:
*   **Clear initiation:** Your essay immediately establishes communication in a direct and unambiguous way.
*   **Concise delivery:** You've managed to convey a message in the fewest possible words.

🔴 Weaknesses:
*   **Lack of substantive content:** The essay lacks the development and detail typically expected, as shown in ""hi.""
*   **Absence of a clear purpose or thesis:** It's unclear what main idea or argument you intend to present, based on ""hi.""

🔎 Questions:
1.  What is the main topic or argument you plan to discuss in this essay?
2.  What do you want your readers to learn, understand, or consider after reading your essay?
3.  What specific points, examples, or evidence will you use to support your main idea?

💡 Hint:
Before you start writing, take some time to brainstorm your main idea and outline the key points you want to cover. This will help you structure your thoughts and ensure your essay has a clear purpose and direction.","2026-04-08 14:07:25"
3,1,user,"đưdwd","2026-04-08 14:47:13"
4,1,assistant,"Phản hồi này của bạn vẫn chưa giúp làm rõ chủ đề hay mục đích bài viết mà tôi đã đề cập trong phần đánh giá trước đó. Vui lòng cung cấp nội dung cụ thể hoặc trả lời các câu hỏi gợi ý để chúng ta có thể bắt đầu phát triển bài luận của bạn một cách hiệu quả.","2026-04-08 14:47:13"
5,1,user,"xin chào, bạn có thể giúp tôi về nội dung của chủ đề chat này","2026-04-08 14:48:03"
6,1,assistant,"Chào bạn! Tôi là WritePal-Edu, công cụ hỗ trợ bạn xây dựng và hoàn thiện các bài luận văn từ những bước đầu tiên. Như đã nêu trong phần phản hồi cho lời chào ""hi"" trước đó, tôi sẽ đánh giá nội dung bạn cung cấp để giúp bạn phát triển ý tưởng và cấu trúc bài viết một cách hiệu quả hơn.","2026-04-08 14:48:03"
7,1,user,"can you feedback on this topic sentence ""From my perspective, pollution occurs due to human activities.""","2026-04-08 14:58:51"
8,1,assistant,"This topic sentence is a significant improvement over your initial greeting, as it provides the clear purpose and substantive content previously missing. While it establishes a firm stance, consider narrowing the focus to specific human activities to better address the need for detailed evidence highlighted in my earlier feedback.","2026-04-08 14:58:51"
9,1,user,"can you specify more about the focus?","2026-04-08 15:01:35"
10,1,assistant,"To narrow your focus as suggested, you could specify which human activities you mean, such as industrial manufacturing or plastic consumption, rather than the broad category. Selecting a specific type of pollution will help you provide the ""substantive content"" and ""detailed evidence"" we identified as missing in my earlier feedback.","2026-04-08 15:01:35"
11,1,user,"xin chào, bạn có thể giúp tôi về nội dung của chủ đề chat này","2026-04-09 08:56:04"
12,1,assistant,"Chào bạn! Mục tiêu của cuộc trò chuyện này là giúp bạn phát triển câu chủ đề về ô nhiễm do hoạt động của con người mà chúng ta vừa thảo luận. Dựa trên phản hồi trước đó, tôi sẽ hỗ trợ bạn cụ thể hóa các hoạt động này để bài viết có nội dung chi tiết và lập luận thuyết phục hơn.","2026-04-09 08:56:04"
13,1,user,"xin chào, bạn có thể giúp tôi về nội dung của chủ đề chat này","2026-04-13 03:59:52"
14,1,assistant,"Chào bạn, chúng mình đang cùng nhau làm cho câu chủ đề về ""ô nhiễm do con người"" trở nên cụ thể và sắc bén hơn. Việc chọn một khía cạnh hẹp như rác thải nhựa hay khí thải công nghiệp sẽ giúp bạn dễ dàng đưa ra những dẫn chứng thuyết phục hơn là nói chung chung. Vậy bạn muốn tập trung sâu vào hoạt động cụ thể nào của con người để bắt đầu khai thác ý tưởng?","2026-04-13 03:59:53"
15,2,user,"hi, how can i learning English?","2026-04-13 04:25:32"
16,2,assistant,"**Task**
*   **Corrected Version:** ""Hi, how can I learn English?""
*   **Explanation:** In English, the pronoun ""I"" is always capitalized regardless of its position. Additionally, the modal verb ""can"" is followed by the base form of the verb (""learn"") rather than the present participle (""learning"").

**Structure Snapshot**
The ""essay"" consists of a single interrogative sentence preceded by an informal greeting. It follows a direct sequence of opening and inquiry but lacks standard capitalization and correct grammatical agreement between the modal verb and the main action.

**What to Fix First**
*   **Priority 1:** Capitalization of the first-person pronoun ""I"" and the start of the sentence.
*   **Priority 2:** Verb form agreement (using the base verb after ""can"").
*   **Priority 3:** Proper spacing and punctuation after the initial greeting.

**Error Awareness**
*   **Quote:** ""hi, how can i learning English?""
    1. In English, we always use a specific type of letter for the word we use to refer to ourselves. Can you find the lowercase letter that should be capitalized?
    2. When you use the word ""can"" to ask about an ability or possibility, should the action word that follows it end in ""-ing,"" or should it be the simple base form?
    3. How should the very first letter of a sentence be written to show the reader that a new thought is starting?

**Deep Thinking Questions**
1. How does the meaning of your sentence change if you replace ""can"" with ""should"" or ""must""?
2. Why do you think English requires the pronoun ""I"" to be capitalized while other pronouns like ""he,"" ""she,"" or ""they"" are not?
3. If you were to add a specific goal to this question (like ""business English"" or ""travel English""), how would that change the structure of your sentence?

**Stretch Task**
*   Try expanding your request by adding a ""dependent clause"" to explain your motivation. For example: ""Since I want to study abroad, how can I learn English faster?""

**Focus for Revision**
1. **Mechanics:** Consistent capitalization of ""I.""
2. **Grammar:** Mastering modal verb + base verb constructions.
3. **Punctuation:** Using commas to separate greetings from the main clause.

**Key Insight**
Small mechanical errors, like uncapitalized pronouns, can distract a reader from your message. Correcting these ""low-hanging fruit"" errors immediately increases the perceived professionalism of your writing.","2026-04-13 04:25:32"
19,1,user,"nói thêm về cách học tiếng anh tốt","2026-04-13 07:59:37"
20,1,assistant,"Để học tiếng Anh hiệu quả, bạn nên tập trung đọc và viết về những chủ đề cụ thể như chúng ta đang làm, vì điều này giúp vốn từ vựng được ghi nhớ tự nhiên hơn qua ngữ cảnh. Khi bạn cố gắng diễn đạt một ý tưởng chi tiết về ô nhiễm, bộ não sẽ học cách kết nối ngôn ngữ với tư duy logic thay vì chỉ học vẹt từ mới. Trong quá trình viết câu chủ đề vừa rồi, bạn cảm thấy mình gặp khó khăn nhất ở việc chọn từ vựng hay ở khâu sắp xếp ý tưởng?","2026-04-13 07:59:37"
21,1,user,"nói thêm về cách học tiếng anh tốt","2026-04-13 13:44:48"
22,1,assistant,"Ngoài việc luyện viết, bạn nên thử đọc thêm các bài báo ngắn về môi trường để thấy cách người bản xứ dùng từ ngữ chuyên sâu cho vấn đề ô nhiễm. Việc học tiếng Anh qua các chủ đề cụ thể như chúng ta đang làm sẽ giúp bạn nhớ từ vựng lâu hơn nhờ có ngữ cảnh rõ ràng. Trong các kỹ năng Nghe, Nói, Đọc, Viết, bạn cảm thấy mình đang gặp khó khăn nhất ở phần nào?","2026-04-13 13:44:48"
23,1,user,"Ngoài việc luyện viết, bạn nên thử đọc thêm các bài báo ngắn về môi trường để thấy cách người bản xứ dùng từ ngữ chuyên sâu cho vấn đề ô nhiễm. Việc học tiếng Anh qua các chủ đề cụ thể như chúng ta đang làm sẽ giúp bạn nhớ từ vựng lâu hơn nhờ có ngữ cảnh rõ ràng. Trong các kỹ năng Nghe, Nói, Đọc, Viết, bạn cảm thấy mình đang gặp khó khăn nhất ở phần nào?","2026-04-13 14:03:34"
24,1,assistant,"Chào bạn, mình là WritePal-Edu. Đoạn văn của bạn có thông điệp rõ ràng và lời khuyên rất thiết thực cho việc học ngôn ngữ. Tuy nhiên, để nâng tầm đoạn văn này theo hướng học thuật và chuyên sâu hơn, chúng ta sẽ cùng phân tích một vài điểm nhé.

### Structure Snapshot:
- Đoạn văn có bố cục logic: bắt đầu bằng một đề xuất hành động (đọc báo), giải thích lợi ích của hành động đó (ghi nhớ từ vựng qua ngữ cảnh), và kết thúc bằng một câu hỏi gợi mở để tạo tương tác.
- Các ý được sắp xếp theo trình tự hợp lý, giúp người đọc dễ dàng theo dõi mạch tư duy của tác giả.

### What to Fix First:
- **Priority 1: Độ tinh tế của từ vựng.** Thay thế các cụm từ phổ thông bằng các thuật ngữ chuyên môn hơn để phản ánh đúng tinh thần ""từ ngữ chuyên sâu"" mà bạn đang đề cập.
- **Priority 2: Cấu trúc câu ghép.** Sử dụng các liên từ hoặc cấu trúc phức tạp hơn để tăng tính gắn kết giữa các vế câu.
- **Priority 3: Tính định hướng.** Làm sắc nét câu hỏi cuối cùng để khuyến khích người học tự đánh giá năng lực một cách chi tiết hơn.

### Error Awareness:
**Sentence 1:** ""Ngoài việc luyện viết, bạn nên thử đọc thêm các bài báo ngắn về môi trường để thấy cách người bản xứ dùng từ ngữ chuyên sâu cho vấn đề ô nhiễm.""
- Cụm từ ""vấn đề ô nhiễm"" khá chung chung; bạn có thể thay thế bằng cụm danh từ nào mang tính học thuật hơn (ví dụ: các thách thức môi trường, các vấn đề sinh thái)?
- Động từ ""thấy"" có thể được thay thế bằng động từ nào thể hiện sự quan sát và phân tích chủ động hơn không?

**Sentence 2:** ""Việc học tiếng Anh qua các chủ đề cụ thể như chúng ta đang làm sẽ giúp bạn nhớ từ vựng lâu hơn nhờ có ngữ cảnh rõ ràng.""
- Ngoài việc ""nhớ lâu"", việc học trong ngữ cảnh còn giúp gì cho việc ""sử dụng"" từ vựng đó không?
- Bạn có thể biến đổi cấu trúc ""giúp bạn nhớ..."" thành một cấu trúc nhấn mạnh vào tính hiệu quả của phương pháp (ví dụ: ""tối ưu hóa khả năng ghi nhớ"") không?

### Deep Thinking Questions:
1. Tại sao việc đọc báo chuyên ngành lại tác động trực tiếp đến khả năng Viết (Writing) thay vì chỉ dừng lại ở kỹ năng Đọc (Reading)?
2. Làm thế nào để phân biệt giữa ""từ vựng thông thường"" và ""từ vựng chuyên sâu"" khi bạn đọc một bài báo về môi trường?
3. Nếu phải chọn một kỹ năng làm ""bàn đạp"" để cải thiện 3 kỹ năng còn lại, bạn sẽ chọn kỹ năng nào dựa trên nội dung bạn vừa viết?

### Stretch Task:
- Hãy thử lồng ghép một lợi ích cụ thể của việc hiểu ""từ ngữ chuyên sâu"" vào câu thứ nhất (ví dụ: giúp tăng tính thuyết phục cho lập luận).

### Focus for Revision:
1. **Nâng cấp từ vựng:** Chú trọng vào các danh từ và động từ mang tính học thuật.
2. **Sự mạch lạc:** Sử dụng các từ nối (transition words) để tạo sự chuyển tiếp mượt mà giữa lý thuyết và câu hỏi thực tế.
3. **Sắc thái biểu cảm:** Điều chỉnh tông giọng để vừa mang tính khích lệ, vừa mang tính chuyên gia.

### Key Insight:
Việc học từ vựng qua ngữ cảnh không chỉ là tích lũy số lượng, mà là hiểu cách các từ ngữ ""vận hành"" cùng nhau để tạo nên ý nghĩa chính xác trong một lĩnh vực cụ thể.

---
*Sau khi bạn suy nghĩ về các câu hỏi trên và thử điều chỉnh lại đoạn văn, hãy gửi lại cho mình nhé. Chúng ta sẽ cùng xem xét bản sửa đổi của bạn trước khi mình đưa ra phương án tối ưu nhất!*","2026-04-13 14:03:34"
25,1,user,"Ngoài việc luyện viết, bạn nên thử đọc thêm các bài báo ngắn về môi trường để thấy cách người bản xứ dùng từ ngữ chuyên sâu cho vấn đề ô nhiễm. Việc học tiếng Anh qua các chủ đề cụ thể như chúng ta đang làm sẽ giúp bạn nhớ từ vựng lâu hơn nhờ có ngữ cảnh rõ ràng. Trong các kỹ năng Nghe, Nói, Đọc, Viết, bạn cảm thấy mình đang gặp khó khăn nhất ở phần nào?","2026-04-13 14:03:36"
26,1,assistant,"Chào bạn, tôi là **WritePal-Edu**. Đoạn văn của bạn có ý tưởng rất tốt, rõ ràng và mang tính khích lệ. Tuy nhiên, chúng ta có thể làm cho cách diễn đạt trở nên chuyên nghiệp và chính xác hơn về mặt thuật ngữ.

### Structure Snapshot
Đoạn văn được tổ chức theo cấu trúc diễn dịch hợp lý: bắt đầu bằng một lời khuyên cụ thể, tiếp nối bằng lý do thuyết phục dựa trên phương pháp luận, và kết thúc bằng một câu hỏi mở để tạo sự tương tác với người học.

### What to Fix First
1.  **Lựa chọn thuật ngữ (Terminology):** Thay thế các cụm từ thông dụng bằng các thuật ngữ chuyên môn hơn để tăng tính học thuật.
2.  **Sự liên kết (Cohesion):** Kết nối các ý giữa việc đọc và việc ghi nhớ từ vựng một cách mượt mà hơn.
3.  **Sắc thái ngôn ngữ (Tone):** Điều chỉnh từ ngữ để tăng độ tin cậy và chuyên nghiệp cho lời khuyên.

### Error Awareness
**Câu 1:** *""Ngoài việc luyện viết, bạn nên thử đọc thêm các bài báo ngắn về môi trường để thấy cách người bản xứ dùng từ ngữ chuyên sâu cho vấn đề ô nhiễm.""*
*   Cụm từ ""từ ngữ chuyên sâu"" thường dùng để chỉ kiến thức. Khi nói về từ vựng thuộc một lĩnh vực cụ thể, bạn nghĩ từ nào sẽ mang tính chuyên môn hơn?
*   ""Vấn đề ô nhiễm"" là một cách nói khá phổ quát; bạn có thể dùng từ nào để chỉ rõ ""thực trạng"" hoặc ""tình hình"" ô nhiễm để câu văn cụ thể hơn không?

**Câu 2:** *""Việc học tiếng Anh qua các chủ đề cụ thể như chúng ta đang làm sẽ giúp bạn nhớ từ vựng lâu hơn nhờ có ngữ cảnh rõ ràng.""*
*   Cụm từ ""như chúng ta đang làm"" hơi mang tính khẩu ngữ; bạn có thể thay thế bằng cách diễn đạt nào trang trọng hơn để chỉ phương pháp hiện tại không?
*   Thay vì ""nhớ từ vựng lâu hơn"", có động từ nào mạnh hơn để diễn tả việc ""khắc sâu"" hoặc ""thu nhận"" kiến thức một cách bền vững không?

### Deep Thinking Questions
1. Làm thế nào để kết nối chặt chẽ hơn giữa hành động ""đọc báo"" ở câu 1 với kết quả ""ghi nhớ ngữ cảnh"" ở câu 2?
2. Nếu đối tượng mục tiêu là một học sinh đang ôn luyện cho các kỳ thi học thuật (như IELTS), bạn sẽ thay đổi từ ""người bản xứ"" thành cụm từ nào để nghe khách quan hơn?
3. Tại sao việc phân loại rõ 4 kỹ năng ở câu cuối lại quan trọng trong việc xác định lộ trình học tập tiếp theo?

### Stretch Task
- **Gợi ý:** Hãy thử sử dụng một trạng từ hoặc cụm từ nối (ví dụ: *Đồng thời, Hơn nữa, Chính vì vậy*) để làm rõ mối quan hệ nhân quả giữa việc đọc báo và hiệu quả ghi nhớ.

### Focus for Revision
1.  **Tính chính xác:** Sử dụng ""thuật ngữ chuyên ngành"" thay cho ""từ ngữ chuyên sâu"".
2.  **Tính liên kết:** Sử dụng các từ nối để tạo dòng chảy cho ý tưởng.
3.  **Tính cụ thể:** Làm rõ lợi ích của việc học qua ngữ cảnh (contextual learning).

### Corrected Version
""Bên cạnh việc luyện viết, bạn nên tìm đọc các bài báo ngắn về môi trường để quan sát cách người bản xứ sử dụng thuật ngữ chuyên ngành về thực trạng ô nhiễm. Phương pháp học tiếng Anh theo chủ đề như hiện tại sẽ giúp bạn ghi nhớ từ vựng hiệu quả hơn nhờ vào ngữ cảnh cụ thể. Trong bốn kỹ năng Nghe, Nói, Đọc, Viết, bạn nhận thấy mình đang gặp trở ngại lớn nhất ở phần nào?""

**Tại sao cần sửa như vậy?**
Việc thay đổi ""chuyên sâu"" thành ""chuyên ngành"" giúp phản ánh đúng tính chất của từ vựng học thuật, đồng thời việc dùng từ ""trở ngại"" thay cho ""khó khăn"" giúp câu văn trang trọng và phù hợp hơn với ngữ cảnh giáo dục.

### Key Insight
Sử dụng đúng thuật ngữ chuyên môn (collocations) không chỉ giúp câu văn trở nên chuyên nghiệp mà còn giúp người học tư duy chính xác theo hệ thống ngôn ngữ của người bản xứ.","2026-04-13 14:03:36"
27,1,user,"cho tôi vài link web để đọc thêm","2026-04-13 15:50:12"
28,1,assistant,"Bạn nên thử ghé qua BBC Learning English mục ""6 Minute English"" hoặc trang National Geographic để tìm các bài báo có từ vựng chuyên ngành rất thực tế. Nếu muốn thử thách bản thân với các bài viết nghị luận sắc bén hơn, chuyên mục ""Environment"" của tờ The Guardian cũng là một nguồn cực kỳ chất lượng. Trong các nguồn này, bạn muốn bắt đầu với những mẩu tin ngắn dễ hiểu hay những bài phân tích chuyên sâu hơn để luyện tập?","2026-04-13 15:50:12"
29,1,user,"có url không","2026-04-13 15:50:37"
30,1,assistant,"Tất nhiên rồi, bạn có thể truy cập BBC Learning English (bbc.co.uk/learningenglish), National Geographic (nationalgeographic.com/environment) và The Guardian (theguardian.com/environment). Mình khuyên bạn nên bắt đầu với BBC trước vì các bài ở đó thường ngắn, có file nghe và danh sách từ vựng đi kèm rất tiện để học. Bạn muốn thử chọn một bài báo ngắn trên đó rồi chúng ta cùng phân tích cách họ dùng thuật ngữ chuyên ngành không?","2026-04-13 15:50:37"
31,1,user,"gửi đủ link","2026-04-13 15:56:01"
32,1,assistant,"Đây là các đường dẫn trực tiếp để bạn truy cập ngay nhé: BBC Learning English (https://www.bbc.co.uk/learningenglish/english/features/6-minute-english), National Geographic (https://www.nationalgeographic.com/environment), và The Guardian (https://www.theguardian.com/international/environment). Bạn dự định sẽ bắt đầu với chủ đề môi trường nào trên các trang này để chúng ta cùng thực hành tìm kiếm ""thuật ngữ chuyên ngành"" nhỉ?","2026-04-13 15:56:01"
33,6,user,"Hi, can you feedback on my topic sentence: ""Despite his poor condition and financial issue, Lionel Messi managed to overcame those to be one of the greatest football players of all time.""","2026-04-14 10:31:53"
34,6,assistant,"Hello! I am WritePal-Edu. I’ve reviewed your topic sentence regarding Lionel Messi. It provides a strong foundation for a narrative about perseverance, but there are a few grammatical and structural refinements needed to make it truly professional.

### Corrected Version
""Despite facing health challenges and financial hardships, Lionel Messi managed to overcome these obstacles to become one of the greatest football players of all time.""

**Why?**
This version corrects the verb tense after the word ""to"" (infinitive form) and uses more precise nouns like ""hardships"" and ""challenges"" to better describe his early life. It also ensures plural agreement for the multiple problems he faced.

***

### Structure Snapshot
This sentence introduces a ""contrast-and-result"" structure. It begins by establishing the obstacles (the ""despite"" clause) and concludes with the ultimate achievement, signaling to the reader that the paragraph will likely focus on his journey from struggle to success.

***

### What to Fix First
- **Priority 1: Verb Tense Agreement.** Correct the form of the verb following ""managed to.""
- **Priority 2: Noun Precision.** Replace vague terms like ""poor condition"" with more specific descriptions of his situation.
- **Priority 3: Plurality.** Ensure that ""issue"" matches the multiple difficulties implied in the sentence.

***

### Error Awareness
**Sentence:** ""Despite his poor condition and financial issue, Lionel Messi managed to overcame those to be one of the greatest football players of all time.""

*   **Question 1:** Look at the phrase ""managed to overcame."" When you use the word ""to"" before a verb to show an action that was completed, should that verb stay in the base form or move to the past tense?
*   **Question 2:** You mentioned ""financial issue"" in the singular. Since Messi faced many different money-related struggles during his youth, would the singular or plural form of the word ""issue"" be more accurate here?
*   **Question 3:** The phrase ""poor condition"" could mean many things (health, housing, or fitness). What specific ""condition"" are you referring to, and how could a more descriptive adjective help the reader understand his struggle?

***

### Deep Thinking Questions
1. How does mentioning his ""condition"" and ""financial issues"" specifically help the reader appreciate his ""greatness"" more than if you just called him a talented player?
2. If you were to replace the word ""greatest"" with a more specific word like ""influential"" or ""decorated,"" how would that change the evidence you need to provide in your paragraph?
3. Why is it important to link his early struggles directly to his later success in a single sentence?

***

### Stretch Task
**Improvement Suggestion:** Try starting the sentence with a strong verb or a different subordinating conjunction. For example: ""Having triumphed over significant health and economic barriers, Lionel Messi ascended to the pinnacle of world football.""

***

### Focus for Revision
1. **Grammar:** Use the base form of verbs after ""to"" (the infinitive).
2. **Vocabulary:** Use ""hardships"" or ""difficulties"" instead of ""issue.""
3. **Clarity:** Define what kind of ""condition"" (e.g., medical or physical) he faced.

***

### Key Insight
A topic sentence is a promise to your reader. By clearly defining the specific hurdles Messi faced, you create a more compelling ""arc"" for your paragraph to follow.","2026-04-14 10:31:53"
35,6,user,"if ""poor condition"" is vague, what are other alternative for this term?","2026-04-14 10:34:31"
36,6,assistant,"Since Messi’s struggles were specifically related to his growth hormone deficiency, you could use terms like ""health challenges,"" ""medical diagnosis,"" or ""physical limitations."" Using a more specific word like ""medical"" helps the reader immediately understand that his hurdle was biological rather than just a lack of fitness. Out of those options, which one do you think best captures the specific struggle you want to highlight in your writing?","2026-04-14 10:34:31"
37,7,user,"Hi, can you show me other ways to improve English?","2026-04-14 10:39:43"
38,7,assistant,"**Corrected Version**
""Hi, could you suggest some other ways to improve my English?""

**Brief Explanation**
The revised version uses ""suggest"" for a more natural request and adds the possessive ""my"" to clarify that you are referring to your own language skills.

***

**Structure Snapshot**
The input consists of a single-sentence inquiry. It begins with an informal greeting and follows with a direct request for information.

***

**What to Fix First**
1. **Verb Precision:** Choosing a verb that better fits a request for advice (e.g., ""suggest"" vs. ""show"").
2. **Noun Specification:** Adding a possessive pronoun to clarify the object of improvement.
3. **Modal Politeness:** Using ""could"" instead of ""can"" to soften the tone of the request.

***

**Error Awareness**
*   ""Hi, can you show me other ways to improve English?""
    *   Is there a specific word you could add before ""English"" to show that you are talking about your own skills?
    *   The phrase ""show me"" is often used for physical demonstrations; what is a more appropriate verb for asking for ideas or advice?
    *   How would the tone change if you replaced ""can"" with ""could""?

***

**Deep Thinking Questions**
1. When asking for help, how does the choice of ""can"" versus ""could"" affect how the listener perceives your politeness?
2. Why is it important to specify ""my English"" rather than just ""English"" in a personal request?
3. In what contexts might ""show me"" be more appropriate than ""suggest to me""?

***

**Stretch Task**
*   Try expanding your request by adding a ""purpose clause"" (e.g., ""...so that I can write better essays"") to provide more context for the advice you are seeking.

***

**Focus for Revision**
1. **Possessive Adjectives:** Ensuring nouns are properly qualified.
2. **Modal Verbs:** Selecting the right level of formality for the situation.
3. **Collocations:** Identifying which verbs naturally pair with the word ""ways.""

***

**Key Insight**
Small changes in word choice, such as adding ""my"" or switching to ""could,"" transform a functional sentence into a more natural and polite request.","2026-04-14 10:39:43"
39,7,user,"""Hi, can you show me other ways to improve English?""","2026-04-14 10:40:10"
40,7,assistant,"It looks like you're still using that original phrasing, so try to remember ""could you suggest"" and ""my English"" for a more natural feel! To help you improve, I'd recommend listening to English podcasts or reading short stories to see how native speakers structure their ideas. Are you hoping to focus more on your writing or your speaking skills?","2026-04-14 10:40:10"
41,7,user,"I am hoping to improve my writing.","2026-04-14 10:40:38"
42,7,assistant,"That’s a great focus, especially since it gives you more time to practice using those natural phrases we discussed. To get started, what kind of writing do you do most often—is it formal essays for school, or something more creative like a personal journal?","2026-04-14 10:40:38"
43,7,user,"I usually write formal essay, as I'm currently an English-majored sophomore.","2026-04-14 10:41:34"
44,7,assistant,"That’s an impressive field of study, though it certainly demands a high level of precision in your writing! Just a quick tip: since you’re talking about a habit, you’d usually say ""formal essays"" or ""a formal essay."" In those assignments, do you find it harder to organize your arguments or to find the right academic vocabulary?","2026-04-14 10:41:34"
COUNT(*)
42
id,conversation_id,role,content,created_at
1,1,user,hi,"2026-04-08 14:07:25"
2,1,assistant,"🟢 Strengths:
*   **Clear initiation:** Your essay immediately establishes communication in a direct and unambiguous way.
*   **Concise delivery:** You've managed to convey a message in the fewest possible words.

🔴 Weaknesses:
*   **Lack of substantive content:** The essay lacks the development and detail typically expected, as shown in ""hi.""
*   **Absence of a clear purpose or thesis:** It's unclear what main idea or argument you intend to present, based on ""hi.""

🔎 Questions:
1.  What is the main topic or argument you plan to discuss in this essay?
2.  What do you want your readers to learn, understand, or consider after reading your essay?
3.  What specific points, examples, or evidence will you use to support your main idea?

💡 Hint:
Before you start writing, take some time to brainstorm your main idea and outline the key points you want to cover. This will help you structure your thoughts and ensure your essay has a clear purpose and direction.","2026-04-08 14:07:25"
3,1,user,"đưdwd","2026-04-08 14:47:13"
4,1,assistant,"Phản hồi này của bạn vẫn chưa giúp làm rõ chủ đề hay mục đích bài viết mà tôi đã đề cập trong phần đánh giá trước đó. Vui lòng cung cấp nội dung cụ thể hoặc trả lời các câu hỏi gợi ý để chúng ta có thể bắt đầu phát triển bài luận của bạn một cách hiệu quả.","2026-04-08 14:47:13"
5,1,user,"xin chào, bạn có thể giúp tôi về nội dung của chủ đề chat này","2026-04-08 14:48:03"
6,1,assistant,"Chào bạn! Tôi là WritePal-Edu, công cụ hỗ trợ bạn xây dựng và hoàn thiện các bài luận văn từ những bước đầu tiên. Như đã nêu trong phần phản hồi cho lời chào ""hi"" trước đó, tôi sẽ đánh giá nội dung bạn cung cấp để giúp bạn phát triển ý tưởng và cấu trúc bài viết một cách hiệu quả hơn.","2026-04-08 14:48:03"
7,1,user,"can you feedback on this topic sentence ""From my perspective, pollution occurs due to human activities.""","2026-04-08 14:58:51"
8,1,assistant,"This topic sentence is a significant improvement over your initial greeting, as it provides the clear purpose and substantive content previously missing. While it establishes a firm stance, consider narrowing the focus to specific human activities to better address the need for detailed evidence highlighted in my earlier feedback.","2026-04-08 14:58:51"
9,1,user,"can you specify more about the focus?","2026-04-08 15:01:35"
10,1,assistant,"To narrow your focus as suggested, you could specify which human activities you mean, such as industrial manufacturing or plastic consumption, rather than the broad category. Selecting a specific type of pollution will help you provide the ""substantive content"" and ""detailed evidence"" we identified as missing in my earlier feedback.","2026-04-08 15:01:35"
11,1,user,"xin chào, bạn có thể giúp tôi về nội dung của chủ đề chat này","2026-04-09 08:56:04"
12,1,assistant,"Chào bạn! Mục tiêu của cuộc trò chuyện này là giúp bạn phát triển câu chủ đề về ô nhiễm do hoạt động của con người mà chúng ta vừa thảo luận. Dựa trên phản hồi trước đó, tôi sẽ hỗ trợ bạn cụ thể hóa các hoạt động này để bài viết có nội dung chi tiết và lập luận thuyết phục hơn.","2026-04-09 08:56:04"
13,1,user,"xin chào, bạn có thể giúp tôi về nội dung của chủ đề chat này","2026-04-13 03:59:52"
14,1,assistant,"Chào bạn, chúng mình đang cùng nhau làm cho câu chủ đề về ""ô nhiễm do con người"" trở nên cụ thể và sắc bén hơn. Việc chọn một khía cạnh hẹp như rác thải nhựa hay khí thải công nghiệp sẽ giúp bạn dễ dàng đưa ra những dẫn chứng thuyết phục hơn là nói chung chung. Vậy bạn muốn tập trung sâu vào hoạt động cụ thể nào của con người để bắt đầu khai thác ý tưởng?","2026-04-13 03:59:53"
15,2,user,"hi, how can i learning English?","2026-04-13 04:25:32"
16,2,assistant,"**Task**
*   **Corrected Version:** ""Hi, how can I learn English?""
*   **Explanation:** In English, the pronoun ""I"" is always capitalized regardless of its position. Additionally, the modal verb ""can"" is followed by the base form of the verb (""learn"") rather than the present participle (""learning"").

**Structure Snapshot**
The ""essay"" consists of a single interrogative sentence preceded by an informal greeting. It follows a direct sequence of opening and inquiry but lacks standard capitalization and correct grammatical agreement between the modal verb and the main action.

**What to Fix First**
*   **Priority 1:** Capitalization of the first-person pronoun ""I"" and the start of the sentence.
*   **Priority 2:** Verb form agreement (using the base verb after ""can"").
*   **Priority 3:** Proper spacing and punctuation after the initial greeting.

**Error Awareness**
*   **Quote:** ""hi, how can i learning English?""
    1. In English, we always use a specific type of letter for the word we use to refer to ourselves. Can you find the lowercase letter that should be capitalized?
    2. When you use the word ""can"" to ask about an ability or possibility, should the action word that follows it end in ""-ing,"" or should it be the simple base form?
    3. How should the very first letter of a sentence be written to show the reader that a new thought is starting?

**Deep Thinking Questions**
1. How does the meaning of your sentence change if you replace ""can"" with ""should"" or ""must""?
2. Why do you think English requires the pronoun ""I"" to be capitalized while other pronouns like ""he,"" ""she,"" or ""they"" are not?
3. If you were to add a specific goal to this question (like ""business English"" or ""travel English""), how would that change the structure of your sentence?

**Stretch Task**
*   Try expanding your request by adding a ""dependent clause"" to explain your motivation. For example: ""Since I want to study abroad, how can I learn English faster?""

**Focus for Revision**
1. **Mechanics:** Consistent capitalization of ""I.""
2. **Grammar:** Mastering modal verb + base verb constructions.
3. **Punctuation:** Using commas to separate greetings from the main clause.

**Key Insight**
Small mechanical errors, like uncapitalized pronouns, can distract a reader from your message. Correcting these ""low-hanging fruit"" errors immediately increases the perceived professionalism of your writing.","2026-04-13 04:25:32"
19,1,user,"nói thêm về cách học tiếng anh tốt","2026-04-13 07:59:37"
20,1,assistant,"Để học tiếng Anh hiệu quả, bạn nên tập trung đọc và viết về những chủ đề cụ thể như chúng ta đang làm, vì điều này giúp vốn từ vựng được ghi nhớ tự nhiên hơn qua ngữ cảnh. Khi bạn cố gắng diễn đạt một ý tưởng chi tiết về ô nhiễm, bộ não sẽ học cách kết nối ngôn ngữ với tư duy logic thay vì chỉ học vẹt từ mới. Trong quá trình viết câu chủ đề vừa rồi, bạn cảm thấy mình gặp khó khăn nhất ở việc chọn từ vựng hay ở khâu sắp xếp ý tưởng?","2026-04-13 07:59:37"
21,1,user,"nói thêm về cách học tiếng anh tốt","2026-04-13 13:44:48"
22,1,assistant,"Ngoài việc luyện viết, bạn nên thử đọc thêm các bài báo ngắn về môi trường để thấy cách người bản xứ dùng từ ngữ chuyên sâu cho vấn đề ô nhiễm. Việc học tiếng Anh qua các chủ đề cụ thể như chúng ta đang làm sẽ giúp bạn nhớ từ vựng lâu hơn nhờ có ngữ cảnh rõ ràng. Trong các kỹ năng Nghe, Nói, Đọc, Viết, bạn cảm thấy mình đang gặp khó khăn nhất ở phần nào?","2026-04-13 13:44:48"
23,1,user,"Ngoài việc luyện viết, bạn nên thử đọc thêm các bài báo ngắn về môi trường để thấy cách người bản xứ dùng từ ngữ chuyên sâu cho vấn đề ô nhiễm. Việc học tiếng Anh qua các chủ đề cụ thể như chúng ta đang làm sẽ giúp bạn nhớ từ vựng lâu hơn nhờ có ngữ cảnh rõ ràng. Trong các kỹ năng Nghe, Nói, Đọc, Viết, bạn cảm thấy mình đang gặp khó khăn nhất ở phần nào?","2026-04-13 14:03:34"
24,1,assistant,"Chào bạn, mình là WritePal-Edu. Đoạn văn của bạn có thông điệp rõ ràng và lời khuyên rất thiết thực cho việc học ngôn ngữ. Tuy nhiên, để nâng tầm đoạn văn này theo hướng học thuật và chuyên sâu hơn, chúng ta sẽ cùng phân tích một vài điểm nhé.

### Structure Snapshot:
- Đoạn văn có bố cục logic: bắt đầu bằng một đề xuất hành động (đọc báo), giải thích lợi ích của hành động đó (ghi nhớ từ vựng qua ngữ cảnh), và kết thúc bằng một câu hỏi gợi mở để tạo tương tác.
- Các ý được sắp xếp theo trình tự hợp lý, giúp người đọc dễ dàng theo dõi mạch tư duy của tác giả.

### What to Fix First:
- **Priority 1: Độ tinh tế của từ vựng.** Thay thế các cụm từ phổ thông bằng các thuật ngữ chuyên môn hơn để phản ánh đúng tinh thần ""từ ngữ chuyên sâu"" mà bạn đang đề cập.
- **Priority 2: Cấu trúc câu ghép.** Sử dụng các liên từ hoặc cấu trúc phức tạp hơn để tăng tính gắn kết giữa các vế câu.
- **Priority 3: Tính định hướng.** Làm sắc nét câu hỏi cuối cùng để khuyến khích người học tự đánh giá năng lực một cách chi tiết hơn.

### Error Awareness:
**Sentence 1:** ""Ngoài việc luyện viết, bạn nên thử đọc thêm các bài báo ngắn về môi trường để thấy cách người bản xứ dùng từ ngữ chuyên sâu cho vấn đề ô nhiễm.""
- Cụm từ ""vấn đề ô nhiễm"" khá chung chung; bạn có thể thay thế bằng cụm danh từ nào mang tính học thuật hơn (ví dụ: các thách thức môi trường, các vấn đề sinh thái)?
- Động từ ""thấy"" có thể được thay thế bằng động từ nào thể hiện sự quan sát và phân tích chủ động hơn không?

**Sentence 2:** ""Việc học tiếng Anh qua các chủ đề cụ thể như chúng ta đang làm sẽ giúp bạn nhớ từ vựng lâu hơn nhờ có ngữ cảnh rõ ràng.""
- Ngoài việc ""nhớ lâu"", việc học trong ngữ cảnh còn giúp gì cho việc ""sử dụng"" từ vựng đó không?
- Bạn có thể biến đổi cấu trúc ""giúp bạn nhớ..."" thành một cấu trúc nhấn mạnh vào tính hiệu quả của phương pháp (ví dụ: ""tối ưu hóa khả năng ghi nhớ"") không?

### Deep Thinking Questions:
1. Tại sao việc đọc báo chuyên ngành lại tác động trực tiếp đến khả năng Viết (Writing) thay vì chỉ dừng lại ở kỹ năng Đọc (Reading)?
2. Làm thế nào để phân biệt giữa ""từ vựng thông thường"" và ""từ vựng chuyên sâu"" khi bạn đọc một bài báo về môi trường?
3. Nếu phải chọn một kỹ năng làm ""bàn đạp"" để cải thiện 3 kỹ năng còn lại, bạn sẽ chọn kỹ năng nào dựa trên nội dung bạn vừa viết?

### Stretch Task:
- Hãy thử lồng ghép một lợi ích cụ thể của việc hiểu ""từ ngữ chuyên sâu"" vào câu thứ nhất (ví dụ: giúp tăng tính thuyết phục cho lập luận).

### Focus for Revision:
1. **Nâng cấp từ vựng:** Chú trọng vào các danh từ và động từ mang tính học thuật.
2. **Sự mạch lạc:** Sử dụng các từ nối (transition words) để tạo sự chuyển tiếp mượt mà giữa lý thuyết và câu hỏi thực tế.
3. **Sắc thái biểu cảm:** Điều chỉnh tông giọng để vừa mang tính khích lệ, vừa mang tính chuyên gia.

### Key Insight:
Việc học từ vựng qua ngữ cảnh không chỉ là tích lũy số lượng, mà là hiểu cách các từ ngữ ""vận hành"" cùng nhau để tạo nên ý nghĩa chính xác trong một lĩnh vực cụ thể.

---
*Sau khi bạn suy nghĩ về các câu hỏi trên và thử điều chỉnh lại đoạn văn, hãy gửi lại cho mình nhé. Chúng ta sẽ cùng xem xét bản sửa đổi của bạn trước khi mình đưa ra phương án tối ưu nhất!*","2026-04-13 14:03:34"
25,1,user,"Ngoài việc luyện viết, bạn nên thử đọc thêm các bài báo ngắn về môi trường để thấy cách người bản xứ dùng từ ngữ chuyên sâu cho vấn đề ô nhiễm. Việc học tiếng Anh qua các chủ đề cụ thể như chúng ta đang làm sẽ giúp bạn nhớ từ vựng lâu hơn nhờ có ngữ cảnh rõ ràng. Trong các kỹ năng Nghe, Nói, Đọc, Viết, bạn cảm thấy mình đang gặp khó khăn nhất ở phần nào?","2026-04-13 14:03:36"
26,1,assistant,"Chào bạn, tôi là **WritePal-Edu**. Đoạn văn của bạn có ý tưởng rất tốt, rõ ràng và mang tính khích lệ. Tuy nhiên, chúng ta có thể làm cho cách diễn đạt trở nên chuyên nghiệp và chính xác hơn về mặt thuật ngữ.

### Structure Snapshot
Đoạn văn được tổ chức theo cấu trúc diễn dịch hợp lý: bắt đầu bằng một lời khuyên cụ thể, tiếp nối bằng lý do thuyết phục dựa trên phương pháp luận, và kết thúc bằng một câu hỏi mở để tạo sự tương tác với người học.

### What to Fix First
1.  **Lựa chọn thuật ngữ (Terminology):** Thay thế các cụm từ thông dụng bằng các thuật ngữ chuyên môn hơn để tăng tính học thuật.
2.  **Sự liên kết (Cohesion):** Kết nối các ý giữa việc đọc và việc ghi nhớ từ vựng một cách mượt mà hơn.
3.  **Sắc thái ngôn ngữ (Tone):** Điều chỉnh từ ngữ để tăng độ tin cậy và chuyên nghiệp cho lời khuyên.

### Error Awareness
**Câu 1:** *""Ngoài việc luyện viết, bạn nên thử đọc thêm các bài báo ngắn về môi trường để thấy cách người bản xứ dùng từ ngữ chuyên sâu cho vấn đề ô nhiễm.""*
*   Cụm từ ""từ ngữ chuyên sâu"" thường dùng để chỉ kiến thức. Khi nói về từ vựng thuộc một lĩnh vực cụ thể, bạn nghĩ từ nào sẽ mang tính chuyên môn hơn?
*   ""Vấn đề ô nhiễm"" là một cách nói khá phổ quát; bạn có thể dùng từ nào để chỉ rõ ""thực trạng"" hoặc ""tình hình"" ô nhiễm để câu văn cụ thể hơn không?

**Câu 2:** *""Việc học tiếng Anh qua các chủ đề cụ thể như chúng ta đang làm sẽ giúp bạn nhớ từ vựng lâu hơn nhờ có ngữ cảnh rõ ràng.""*
*   Cụm từ ""như chúng ta đang làm"" hơi mang tính khẩu ngữ; bạn có thể thay thế bằng cách diễn đạt nào trang trọng hơn để chỉ phương pháp hiện tại không?
*   Thay vì ""nhớ từ vựng lâu hơn"", có động từ nào mạnh hơn để diễn tả việc ""khắc sâu"" hoặc ""thu nhận"" kiến thức một cách bền vững không?

### Deep Thinking Questions
1. Làm thế nào để kết nối chặt chẽ hơn giữa hành động ""đọc báo"" ở câu 1 với kết quả ""ghi nhớ ngữ cảnh"" ở câu 2?
2. Nếu đối tượng mục tiêu là một học sinh đang ôn luyện cho các kỳ thi học thuật (như IELTS), bạn sẽ thay đổi từ ""người bản xứ"" thành cụm từ nào để nghe khách quan hơn?
3. Tại sao việc phân loại rõ 4 kỹ năng ở câu cuối lại quan trọng trong việc xác định lộ trình học tập tiếp theo?

### Stretch Task
- **Gợi ý:** Hãy thử sử dụng một trạng từ hoặc cụm từ nối (ví dụ: *Đồng thời, Hơn nữa, Chính vì vậy*) để làm rõ mối quan hệ nhân quả giữa việc đọc báo và hiệu quả ghi nhớ.

### Focus for Revision
1.  **Tính chính xác:** Sử dụng ""thuật ngữ chuyên ngành"" thay cho ""từ ngữ chuyên sâu"".
2.  **Tính liên kết:** Sử dụng các từ nối để tạo dòng chảy cho ý tưởng.
3.  **Tính cụ thể:** Làm rõ lợi ích của việc học qua ngữ cảnh (contextual learning).

### Corrected Version
""Bên cạnh việc luyện viết, bạn nên tìm đọc các bài báo ngắn về môi trường để quan sát cách người bản xứ sử dụng thuật ngữ chuyên ngành về thực trạng ô nhiễm. Phương pháp học tiếng Anh theo chủ đề như hiện tại sẽ giúp bạn ghi nhớ từ vựng hiệu quả hơn nhờ vào ngữ cảnh cụ thể. Trong bốn kỹ năng Nghe, Nói, Đọc, Viết, bạn nhận thấy mình đang gặp trở ngại lớn nhất ở phần nào?""

**Tại sao cần sửa như vậy?**
Việc thay đổi ""chuyên sâu"" thành ""chuyên ngành"" giúp phản ánh đúng tính chất của từ vựng học thuật, đồng thời việc dùng từ ""trở ngại"" thay cho ""khó khăn"" giúp câu văn trang trọng và phù hợp hơn với ngữ cảnh giáo dục.

### Key Insight
Sử dụng đúng thuật ngữ chuyên môn (collocations) không chỉ giúp câu văn trở nên chuyên nghiệp mà còn giúp người học tư duy chính xác theo hệ thống ngôn ngữ của người bản xứ.","2026-04-13 14:03:36"
27,1,user,"cho tôi vài link web để đọc thêm","2026-04-13 15:50:12"
28,1,assistant,"Bạn nên thử ghé qua BBC Learning English mục ""6 Minute English"" hoặc trang National Geographic để tìm các bài báo có từ vựng chuyên ngành rất thực tế. Nếu muốn thử thách bản thân với các bài viết nghị luận sắc bén hơn, chuyên mục ""Environment"" của tờ The Guardian cũng là một nguồn cực kỳ chất lượng. Trong các nguồn này, bạn muốn bắt đầu với những mẩu tin ngắn dễ hiểu hay những bài phân tích chuyên sâu hơn để luyện tập?","2026-04-13 15:50:12"
29,1,user,"có url không","2026-04-13 15:50:37"
30,1,assistant,"Tất nhiên rồi, bạn có thể truy cập BBC Learning English (bbc.co.uk/learningenglish), National Geographic (nationalgeographic.com/environment) và The Guardian (theguardian.com/environment). Mình khuyên bạn nên bắt đầu với BBC trước vì các bài ở đó thường ngắn, có file nghe và danh sách từ vựng đi kèm rất tiện để học. Bạn muốn thử chọn một bài báo ngắn trên đó rồi chúng ta cùng phân tích cách họ dùng thuật ngữ chuyên ngành không?","2026-04-13 15:50:37"
31,1,user,"gửi đủ link","2026-04-13 15:56:01"
32,1,assistant,"Đây là các đường dẫn trực tiếp để bạn truy cập ngay nhé: BBC Learning English (https://www.bbc.co.uk/learningenglish/english/features/6-minute-english), National Geographic (https://www.nationalgeographic.com/environment), và The Guardian (https://www.theguardian.com/international/environment). Bạn dự định sẽ bắt đầu với chủ đề môi trường nào trên các trang này để chúng ta cùng thực hành tìm kiếm ""thuật ngữ chuyên ngành"" nhỉ?","2026-04-13 15:56:01"
33,6,user,"Hi, can you feedback on my topic sentence: ""Despite his poor condition and financial issue, Lionel Messi managed to overcame those to be one of the greatest football players of all time.""","2026-04-14 10:31:53"
34,6,assistant,"Hello! I am WritePal-Edu. I’ve reviewed your topic sentence regarding Lionel Messi. It provides a strong foundation for a narrative about perseverance, but there are a few grammatical and structural refinements needed to make it truly professional.

### Corrected Version
""Despite facing health challenges and financial hardships, Lionel Messi managed to overcome these obstacles to become one of the greatest football players of all time.""

**Why?**
This version corrects the verb tense after the word ""to"" (infinitive form) and uses more precise nouns like ""hardships"" and ""challenges"" to better describe his early life. It also ensures plural agreement for the multiple problems he faced.

***

### Structure Snapshot
This sentence introduces a ""contrast-and-result"" structure. It begins by establishing the obstacles (the ""despite"" clause) and concludes with the ultimate achievement, signaling to the reader that the paragraph will likely focus on his journey from struggle to success.

***

### What to Fix First
- **Priority 1: Verb Tense Agreement.** Correct the form of the verb following ""managed to.""
- **Priority 2: Noun Precision.** Replace vague terms like ""poor condition"" with more specific descriptions of his situation.
- **Priority 3: Plurality.** Ensure that ""issue"" matches the multiple difficulties implied in the sentence.

***

### Error Awareness
**Sentence:** ""Despite his poor condition and financial issue, Lionel Messi managed to overcame those to be one of the greatest football players of all time.""

*   **Question 1:** Look at the phrase ""managed to overcame."" When you use the word ""to"" before a verb to show an action that was completed, should that verb stay in the base form or move to the past tense?
*   **Question 2:** You mentioned ""financial issue"" in the singular. Since Messi faced many different money-related struggles during his youth, would the singular or plural form of the word ""issue"" be more accurate here?
*   **Question 3:** The phrase ""poor condition"" could mean many things (health, housing, or fitness). What specific ""condition"" are you referring to, and how could a more descriptive adjective help the reader understand his struggle?

***

### Deep Thinking Questions
1. How does mentioning his ""condition"" and ""financial issues"" specifically help the reader appreciate his ""greatness"" more than if you just called him a talented player?
2. If you were to replace the word ""greatest"" with a more specific word like ""influential"" or ""decorated,"" how would that change the evidence you need to provide in your paragraph?
3. Why is it important to link his early struggles directly to his later success in a single sentence?

***

### Stretch Task
**Improvement Suggestion:** Try starting the sentence with a strong verb or a different subordinating conjunction. For example: ""Having triumphed over significant health and economic barriers, Lionel Messi ascended to the pinnacle of world football.""

***

### Focus for Revision
1. **Grammar:** Use the base form of verbs after ""to"" (the infinitive).
2. **Vocabulary:** Use ""hardships"" or ""difficulties"" instead of ""issue.""
3. **Clarity:** Define what kind of ""condition"" (e.g., medical or physical) he faced.

***

### Key Insight
A topic sentence is a promise to your reader. By clearly defining the specific hurdles Messi faced, you create a more compelling ""arc"" for your paragraph to follow.","2026-04-14 10:31:53"
35,6,user,"if ""poor condition"" is vague, what are other alternative for this term?","2026-04-14 10:34:31"
36,6,assistant,"Since Messi’s struggles were specifically related to his growth hormone deficiency, you could use terms like ""health challenges,"" ""medical diagnosis,"" or ""physical limitations."" Using a more specific word like ""medical"" helps the reader immediately understand that his hurdle was biological rather than just a lack of fitness. Out of those options, which one do you think best captures the specific struggle you want to highlight in your writing?","2026-04-14 10:34:31"
37,7,user,"Hi, can you show me other ways to improve English?","2026-04-14 10:39:43"
38,7,assistant,"**Corrected Version**
""Hi, could you suggest some other ways to improve my English?""

**Brief Explanation**
The revised version uses ""suggest"" for a more natural request and adds the possessive ""my"" to clarify that you are referring to your own language skills.

***

**Structure Snapshot**
The input consists of a single-sentence inquiry. It begins with an informal greeting and follows with a direct request for information.

***

**What to Fix First**
1. **Verb Precision:** Choosing a verb that better fits a request for advice (e.g., ""suggest"" vs. ""show"").
2. **Noun Specification:** Adding a possessive pronoun to clarify the object of improvement.
3. **Modal Politeness:** Using ""could"" instead of ""can"" to soften the tone of the request.

***

**Error Awareness**
*   ""Hi, can you show me other ways to improve English?""
    *   Is there a specific word you could add before ""English"" to show that you are talking about your own skills?
    *   The phrase ""show me"" is often used for physical demonstrations; what is a more appropriate verb for asking for ideas or advice?
    *   How would the tone change if you replaced ""can"" with ""could""?

***

**Deep Thinking Questions**
1. When asking for help, how does the choice of ""can"" versus ""could"" affect how the listener perceives your politeness?
2. Why is it important to specify ""my English"" rather than just ""English"" in a personal request?
3. In what contexts might ""show me"" be more appropriate than ""suggest to me""?

***

**Stretch Task**
*   Try expanding your request by adding a ""purpose clause"" (e.g., ""...so that I can write better essays"") to provide more context for the advice you are seeking.

***

**Focus for Revision**
1. **Possessive Adjectives:** Ensuring nouns are properly qualified.
2. **Modal Verbs:** Selecting the right level of formality for the situation.
3. **Collocations:** Identifying which verbs naturally pair with the word ""ways.""

***

**Key Insight**
Small changes in word choice, such as adding ""my"" or switching to ""could,"" transform a functional sentence into a more natural and polite request.","2026-04-14 10:39:43"
39,7,user,"""Hi, can you show me other ways to improve English?""","2026-04-14 10:40:10"
40,7,assistant,"It looks like you're still using that original phrasing, so try to remember ""could you suggest"" and ""my English"" for a more natural feel! To help you improve, I'd recommend listening to English podcasts or reading short stories to see how native speakers structure their ideas. Are you hoping to focus more on your writing or your speaking skills?","2026-04-14 10:40:10"
41,7,user,"I am hoping to improve my writing.","2026-04-14 10:40:38"
42,7,assistant,"That’s a great focus, especially since it gives you more time to practice using those natural phrases we discussed. To get started, what kind of writing do you do most often—is it formal essays for school, or something more creative like a personal journal?","2026-04-14 10:40:38"
43,7,user,"I usually write formal essay, as I'm currently an English-majored sophomore.","2026-04-14 10:41:34"
44,7,assistant,"That’s an impressive field of study, though it certainly demands a high level of precision in your writing! Just a quick tip: since you’re talking about a habit, you’d usually say ""formal essays"" or ""a formal essay."" In those assignments, do you find it harder to organize your arguments or to find the right academic vocabulary?","2026-04-14 10:41:34"
